lulc_category_from,lulc_category_to,changed_area,changed_area_normalized
Trees,Wind Turbine,3.11326194285222,0.26067159604345186
Grass,Solar Panel,2.8129469593227903,0.2355263986558335
Trees,Solar Panel,2.13190226473381,0.178502925920741
Crops,Solar Panel,1.6465310787319838,0.13786308126549637
Grass,Wind Turbine,1.467840119157144,0.12290139205143834
Crops,Wind Turbine,0.7707519196664948,0.06453460606303905
